feature,shap_importance
x3,0.7494315610078891
x22,0.7101214464481596
x6,0.501878143311892
x25,0.49952464078080455
x18,0.34906540713066453
x14,0.331271820859305
x8,0.3234465136595607
x1,0.2779674531211917
x16,0.2299363103331731
x13,0.21713786015578057
x11,0.17133632331885357
x19,0.12393590425164659
x21,0.1058889891467545
x7,0.1058664279841465
x2,0.10367374749240219
x20,0.09516283979299019
x10,0.09275107757506466
x17,0.07851766695400239
x23,0.07144872903172003
x12,0.07064107208135323
x15,0.05107924623699414
x5,0.04975997960511979
x4,0.03163135455624277
x24,0.017158343953810735
x9,0.012344923395328226
