feature,weight
intercept,0.3207327094716535
x1,0.4733165628299366
x2,-0.17475267082217782
x3,1.0892985573604939
x4,0.11718370208164812
x5,-0.15714196109872347
x6,0.5443560690585342
x7,0.14927444584749217
x8,-0.4771231016197624
x9,0.03934003177597554
x10,0.2119472506734828
x11,0.42226957228630324
x12,0.2509075626194401
x13,-0.3851198090202912
x14,0.5076764284340498
x15,0.08854773051029564
x16,-0.5060462401380414
x17,0.33406479606888595
x18,0.5383132661713472
x19,-0.2512519417267309
x20,0.32047487078295556
x21,-0.17560830858368712
x22,0.810826073001341
x23,0.1515741303285255
x24,-0.036688084111680314
x25,-0.9717703217487832
