feature,mean_importance
x10,-0.015532845898578174
x12,-0.008622203929854067
x13,-0.00636540681213682
x20,-0.005853668296510972
x5,-0.004565358943831588
x23,-0.000831224666150776
x14,-0.0006387679280812853
x24,0.0002646695246954156
x9,0.00039236457544638
x4,0.0005686430835018186
x15,0.0036970315551975164
x17,0.005644076523573305
x2,0.0071699483427335895
x7,0.010209099733750815
x21,0.011440023966222545
x19,0.016958909553301947
x11,0.024035266125597567
x1,0.03266721421397434
x8,0.03797575491251075
x16,0.0466039501343124
x18,0.08415176918686065
x22,0.08545858836656695
x6,0.13434435613327428
x25,0.14759737830819125
x3,0.17780994499888098
