target,prediction
1,0.6456051391261458
0,0.2894809950705161
1,0.6718187044483055
1,0.6241489764069408
0,0.660599484414524
1,0.6562156159862417
0,0.05958202542086514
1,0.6711556139141995
0,0.5928329301198505
1,0.6856378089516308
0,0.6317705680490219
1,0.6892304638849404
1,0.6729598827785731
1,0.5007230743177532
0,0.17093960848294548
0,0.48353366304573536
1,0.665267339106968
1,0.6136915842975966
1,0.6446952334939355
0,0.6273098523000412
1,0.6325811024915127
1,0.8823377935209654
1,0.0007019822205990333
0,0.5582594953745932
0,0.5919960686880187
0,1.635184907595368e-06
1,0.6800350945302533
0,0.6816239323597922
1,0.6703772291461859
1,0.6732177879021023
