prediction,target
0.8580973710872928,1
0.614556806713395,1
0.5441160772301122,1
0.7759602100027632,1
0.674769733812287,1
0.674769733812287,1
0.36283490937746254,0
0.19828843995510662,1
0.12253086419753086,0
0.7569068948968165,1
0.22372134038800703,0
0.44292560103963613,0
0.6752710924276806,1
0.7569068948968165,1
0.4640253855679388,0
0.5441160772301122,0
0.368222114764668,0
0.5262589343729694,0
0.368222114764668,1
0.28042560103963615,0
0.5515497520396736,1
0.6752710924276806,1
0.4640253855679388,1
