feature,mean_importance
x12,-0.009467065981382384
x21,-2.2204460492503132e-17
x19,-2.2204460492503132e-17
x7,-2.2204460492503132e-17
x1,0.0
x20,0.0
x17,0.0
x16,0.0
x11,0.0
x13,0.0
x9,0.0
x6,0.0
x5,0.0
x4,0.0
x3,0.0
x2,0.0
x10,0.0
x25,0.0
x23,2.2204460492503132e-17
x24,4.4408920985006264e-17
x14,0.017530372024957396
x15,0.022582569825143374
x8,0.045404276709661184
x18,0.04723778778012
x22,0.06980710535492354
