feature,mean_importance
x6,-0.14239215630548646
x16,-0.13452317780659745
x13,-0.05021811049934018
x18,-0.00783227963533224
x15,-0.005640994938705601
x12,-1.90880969399565e-06
x1,9.444042246009587e-08
x11,3.586395197707759e-07
x14,0.0013531855206005527
x17,0.0015767685827442258
x3,0.005819236579195808
x7,0.009784203357228627
x10,0.014716016249313402
x5,0.021754920039914926
x9,0.038047547446833765
x20,0.05031872024049013
x2,0.05967860514077099
x4,0.06294061806150948
x8,0.17563343237193246
x19,1.2285411603835865
