target,prediction
0,0.013251815116720125
1,0.9998742335939392
1,0.7758754408639025
0,0.23154225272297485
1,0.005031736598263011
1,0.6891881137456259
1,0.8362522844015362
0,1.1787381777220862e-06
1,0.029605024730215063
1,0.917213068846889
0,0.45431043995517995
1,0.9993499547266695
0,0.6113812151617993
0,0.0006018747509427998
0,0.005399350567531623
1,0.00010447980621132685
0,0.1180226873269335
1,0.9316924206376299
1,0.01774519522851862
1,0.00029391569746780173
1,0.772370375571589
0,0.002227633241993385
0,0.5229854932414791
0,4.6125105553910844e-73
1,0.9717478528747844
0,0.1773184143712354
1,0.6842465435283884
1,0.19183679027934042
