feature,mean_importance
x14,-0.052599447567327415
x13,-0.03621087864629693
x5,-0.033345707122591994
x8,-0.019218526193141815
x22,-0.009044368242990508
x4,-0.00859248815931286
x2,-0.008286775734869046
x7,-0.004877718677199061
x23,-0.002721196796451375
x11,-0.0011250206817244868
x20,-0.0001364922238451749
x10,7.074073463293473e-05
x6,0.00018052988235710553
x19,0.0016187886722130562
x24,0.0026628143933793867
x12,0.0046556819722074925
x1,0.004794952987038537
x21,0.012684093277174967
x15,0.013656745670316318
x25,0.014728254907662741
x16,0.019880814919947774
x17,0.027211318202624034
x9,0.03215809347131939
x3,0.03652594240828651
x18,0.0394133647298893
