feature,weight
intercept,0.14759150453381492
x1,0.08083712696854313
x2,-0.1115550478486543
x3,0.23429916834997774
x4,0.4579803542474368
x5,0.28468619895714997
x6,0.013405188863833158
x7,-0.1716544798564908
x8,-0.2844506444316389
x9,-0.19037724012228668
x10,0.010192006612272346
x11,0.12330772474028809
x12,0.22686439864958224
x13,-0.40124284427547763
x14,0.5850431446406676
x15,0.1635490868030579
x16,-0.09219759867551283
x17,0.2455864842253888
x18,0.5433247193434249
x19,-0.01343864258656886
x20,0.020865112233402205
x21,-0.11938906457731265
x22,1.022856875501203
x23,0.308221951755234
x24,-0.054739665264233614
x25,-0.9499990979996622
