feature,shap_importance
x22,0.5291534439166926
x14,0.23002113250368175
x25,0.22377092113446487
x18,0.17529080809187206
x13,0.13711621737559218
x3,0.11691060104052498
x5,0.1107894582842122
x8,0.10961195823334996
x7,0.085393649446594
x4,0.08455368331337232
x9,0.06877449112659657
x23,0.059997419791525904
x12,0.05623945109495796
x15,0.054558070938103866
x17,0.05307805495264257
x16,0.04169115243972434
x21,0.041076925324377796
x1,0.03997355809060868
x11,0.03789519260308206
x2,0.03480723789322393
x24,0.017608281508764204
x6,0.0056976560883120544
x19,0.004963765978748019
x20,0.004187849147270097
x10,0.0028595330227616394
