target,prediction
1,0.6660316754487455
1,0.6495243024978843
1,0.7313428122146118
1,0.6618731582811764
1,0.6379737058784036
0,0.6233593476082971
1,0.6546532689319415
0,0.6462877292805382
1,0.675639006303786
1,0.6925846813942929
0,0.05797604096730307
1,0.7296109467559054
1,0.5816335926962778
0,0.6648481179819294
1,0.6828469047073324
0,0.6275428159684919
0,0.9907860493759643
0,0.6534396230297228
1,0.6248731569280518
1,0.677144362343429
1,0.6045205099408211
0,0.6942289986539618
1,0.8710731026887037
0,0.624037720501901
