feature,mean_importance
x15,-0.004886111154823225
x2,0.0
x3,0.0
x5,0.0
x17,0.0
x16,0.0
x12,0.0
x1,2.2204460492503132e-17
x18,2.2204460492503132e-17
x8,2.2204460492503132e-17
x14,2.2204460492503132e-17
x11,2.2204460492503132e-17
x13,2.2204460492503132e-17
x10,6.661338147750939e-17
x20,0.0003333593522052869
x6,0.007860316025023906
x7,0.01670812697423286
x19,0.045796372700132815
x9,0.07093586020302425
x4,0.09566879098284184
