target,prediction
0,0.40911247599142475
1,0.8858024691358025
1,0.5822135167221825
0,0.32686594093435517
1,0.4733485871025358
1,0.4733485871025358
1,0.8258555737109659
0,0.45849519204080746
1,0.5330470272904484
1,0.4733485871025358
0,0.4733485871025358
1,0.5822135167221825
0,0.4733485871025358
0,0.40911247599142475
0,0.40911247599142475
1,0.40911247599142475
0,0.32686594093435517
1,0.8681157826378415
1,0.8667052469135803
1,0.5202235871025359
1,0.8272800751354672
0,0.5202235871025359
0,0.4733485871025358
0,0.22965921320482868
1,0.8099147244367833
0,0.32686594093435517
1,0.4733485871025358
1,0.32686594093435517
