feature,shap_importance
x19,0.77842814
x5,0.4092849
x3,0.15405816
x20,0.12511171
x14,0.10378436
x15,0.09337218
x6,0.039650444
x7,0.0345409
x2,0.021371635
x17,0.014896278
x16,0.0135137085
x8,0.012691873
x13,0.010919069
x10,0.010739425
x4,0.0083210105
x1,0.0064253616
x11,0.0058710203
x12,0.0
x18,0.0
x9,0.0
