feature,mean_importance
x5,-0.019184524490736866
x15,-0.004397814549210577
x8,-0.0036257621546539774
x1,-0.0029923690584547024
x13,-0.0027011615177552793
x16,-0.0026733356871269987
x2,0.0
x18,0.0
x9,0.0
x12,0.0
x10,0.0002697238981381522
x11,0.0003408938027371189
x4,0.0014312831101614075
x17,0.0028736931574070202
x7,0.006650164335174824
x3,0.013084262213224784
x6,0.013739369993586669
x20,0.02301943200035783
x14,0.028708803629808544
x19,0.18952769563473654
