target,prediction
0,0.24233505
1,0.87155616
0,0.87155616
1,0.5460625
1,0.87155616
1,0.82459813
0,0.40279418
0,0.34287408
0,0.80759895
1,0.84642977
0,0.39027044
0,0.4134922
1,0.87155616
1,0.3970751
1,0.6621877
1,0.54542273
0,0.832638
1,0.737275
1,0.64898777
1,0.7794034
1,0.7794034
1,0.7516709
1,0.754632
0,0.7794034
0,0.21914409
0,0.25886685
1,0.8542844
0,0.83781487
1,0.7794034
1,0.87155616
