target,prediction
0,0.5609756097560976
1,0.5609756097560976
1,0.5609756097560976
0,0.5609756097560976
1,0.5609756097560976
1,0.5609756097560976
1,0.5609756097560976
0,0.5609756097560976
1,0.5609756097560976
1,0.5609756097560976
0,0.5609756097560976
1,0.5609756097560976
0,0.5609756097560976
0,0.5609756097560976
0,0.5609756097560976
1,0.5609756097560976
0,0.5609756097560976
1,0.5609756097560976
1,0.5609756097560976
1,0.5609756097560976
1,0.5609756097560976
0,0.5609756097560976
0,0.5609756097560976
0,0.5609756097560976
1,0.5609756097560976
0,0.5609756097560976
1,0.5609756097560976
1,0.5609756097560976
