,D,train_err,test_err,train_step
0,25,"[292.522325209012, 238.53099680479102, 166.9809251828065, 127.22678824796576, 103.20448486026956, 87.26800893080997, 75.93272901380612, 67.34438208277491, 60.71771261049744, 55.468567118969844]","[298.4848422208785, 260.0636478959022, 255.545974186928, 341.418398565734, 396.8652789831718, 426.8455899584127, 452.5503007716702, 471.37465691484164, 481.82391835111946, 490.2327867302533]","[1, 2, 3, 4, 5, 6, 7, 8, 9, 10]"
