,D,train_err,test_err,train_step
0,5,"[297.4439468519356, 295.25007151963143, 204.27487729870907, 155.98789188519055, 126.38304541803721]","[278.36926275694987, 278.14953212018213, 268.16973301857195, 264.33618665011096, 265.22363304901353]","[1, 2, 3, 4, 5]"
