,D,train_err,test_err,train_step
0,10,"[297.4439468519356, 281.2129737707531, 193.35410036179366, 147.0139836663554, 118.72949788596793, 99.89405042443602, 86.50455251671103, 76.53191426729103, 68.8417385313987, 62.748566698851334, 57.81498756030511, 53.74902587361607, 50.34746253301773, 47.46592768780331, 44.999286854983794, 42.86851103346661, 41.012842462198364, 39.38527742079349, 37.94875906388374, 36.67348078064081]","[278.36926275694987, 276.1038292741231, 270.29315623150706, 275.5660007925231, 282.56462088240664, 285.5028625340734, 286.1707986965973, 285.5828349994936, 284.2750895318395, 283.3187214091527, 282.71112677029913, 282.03325367258753, 281.8327649305514, 281.6041717928239, 281.7243885198164, 281.5095331225757, 281.5193602918917, 281.74923661881604, 281.7820669944307, 281.70087198460294]","[1, 2, 3, 4, 5, 6, 7, 8, 9, 10, 11, 12, 13, 14, 15, 16, 17, 18, 19, 20]"
