,D,train_err,test_err,train_step
0,30,"[292.5237656398475, 240.0214697662302, 167.6688785070721, 127.82745867829608, 103.66476766610654, 87.67388617370563, 76.38139673378888, 67.86448165786182, 61.30783044680251]","[298.4848422208785, 276.3663504584779, 271.6377020877427, 355.90857358110395, 445.50738374018005, 493.9861850721122, 523.323755715198, 546.1480478721703, 569.3234964476408]","[1, 2, 3, 4, 5, 6, 7, 8, 9]"
