,D,train_err,test_err,train_step
0,25,"[292.5211851850964, 238.23387076820168, 165.9434978514294, 126.54459875968678, 102.57994774625756]","[298.4848422208785, 262.45991371529965, 257.82255616911414, 404.5245103318081, 513.8852950932549]","[1, 2, 3, 4, 5]"
