feature,mean_importance
x14,-0.011685513741407805
x4,-0.008314966782479116
x12,-0.008289032548522002
x5,-0.006148990187426251
x1,0.0
x18,0.0
x17,0.0
x16,0.0
x13,0.0
x10,0.0
x9,0.0
x8,0.0
x7,0.0
x3,0.0
x20,8.357772914198147e-05
x2,0.0017895539801227934
x15,0.0032000642139133673
x6,0.0074842362798944965
x11,0.012632375930420991
x19,0.09934924494180183
