target,prediction
0,0.3882987644318788
1,0.7072051286955275
0,0.704289186051941
1,0.7006033980135892
1,0.6903520480378457
1,0.5233203145011317
0,0.4174767881815772
0,0.6646660241323824
0,0.563994447865392
1,0.6898063548717284
0,0.43939992238895637
0,0.2821555150226512
1,0.6488965222783201
1,0.2821555150226512
1,0.7247881893031748
1,0.42870121285809526
0,0.736340352913444
1,0.5562295327234514
1,0.5709005818823764
1,0.6419690538663219
1,0.6169512976184456
1,0.5779704355738632
1,0.5797481671129254
0,0.7246395576221129
0,0.3736919218978617
0,0.3335931056923771
1,0.7515527783392228
0,0.7136226383202029
1,0.6347646909617778
1,0.7856124035613348
