feature,mean_importance
x2,-0.015969291925348884
x13,-0.011750389005374706
x12,-0.011135874104106703
x18,-0.010763762295666113
x16,-0.009586165192792184
x17,-0.005602868137773687
x1,-0.003446973673425768
x14,-0.0028061896858804893
x4,-0.0019164445503720763
x7,-0.0017456143699567717
x8,0.001787278646330659
x3,0.0038088346764126426
x9,0.004650908128124809
x20,0.006300393226288415
x6,0.007646814279013703
x15,0.008851980030203332
x11,0.009705044637990934
x10,0.04617533156890794
x5,0.0705073217911871
x19,0.07146572657974619
