target,prediction
0,0.2108995973032651
1,0.6810377571097518
1,0.7757974769849695
0,0.8232246161045423
1,0.6206695341770708
1,0.6782965062265874
1,0.7143085735564597
0,0.24086261762414374
1,0.5220581891067381
1,0.7617733842066065
0,0.3968024436354119
1,0.5923621115995455
0,0.7291986464908259
0,0.4838492899020442
0,0.21977217165306137
1,0.3174528051433957
0,0.5519139592722607
1,0.7383633547822366
1,0.8574182416595924
1,0.26105138685169077
1,0.8778308817864463
0,0.7392096340327685
0,0.24549200489159412
0,0.2506028146825916
1,0.5554945332389133
0,0.8622005013544966
1,0.761928517288259
1,0.5340117443482806
