feature,mean_importance
x25,-0.6317123701406061
x23,0.0
x20,0.0
x19,0.0
x18,0.0
x17,0.0
x16,0.0
x15,0.0
x14,0.0
x24,0.0
x12,0.0
x1,0.0
x10,0.0
x9,0.0
x7,0.0
x6,0.0
x5,0.0
x4,0.0
x3,0.0
x2,0.0
x11,0.0
x13,0.0
x8,0.5598616669298406
x22,0.6051789816316407
x21,0.9461059344611336
