target,prediction
1,0.9615384615384616
1,0.0
1,0.5714285714285714
1,0.6
1,0.9615384615384616
1,0.9615384615384616
0,0.0
1,0.0
0,0.0
1,0.9615384615384616
0,0.0
0,1.0
1,0.0
1,0.9615384615384616
0,0.0
0,0.5714285714285714
0,0.9615384615384616
0,0.0
1,0.9615384615384616
0,0.0
1,0.9615384615384616
1,0.9615384615384616
1,0.0
