feature,mean_importance
x1,0.0
x18,0.0
x17,0.0
x16,0.0
x14,0.0
x13,0.0
x12,0.0
x11,0.0
x10,0.0
x8,0.0
x6,0.0
x5,0.0
x3,0.0
x2,0.0
x20,0.0
x4,0.007432293925713362
x15,0.01971637803186895
x9,0.028822990888808287
x19,0.09241279867027034
x7,0.09747891990687899
