target,prediction
0,0.47965440356744704
1,0.7181159420289855
0,0.47965440356744704
1,0.47965440356744704
1,0.47965440356744704
1,0.7681159420289856
0,0.08333333333333333
0,0.47965440356744704
0,0.47965440356744704
1,0.7681159420289856
0,0.35144927536231885
0,0.47965440356744704
1,0.7681159420289856
1,0.35144927536231885
1,0.7181159420289855
1,0.7181159420289855
0,0.47965440356744704
1,0.47965440356744704
1,0.7115384615384616
1,0.7681159420289856
1,0.47965440356744704
1,0.95
1,0.47965440356744704
0,0.7681159420289856
0,0.47965440356744704
0,0.08333333333333333
1,0.95
0,0.47965440356744704
1,0.47965440356744704
1,0.47965440356744704
