feature,mean_importance
x1,-2.076338047408787
x24,-1.9223281807529147
x25,-1.78694851780002
x10,-0.24029102259411433
x4,0.0
x23,0.0
x21,0.0
x20,0.0
x19,0.0
x18,0.0
x17,0.0
x16,0.0
x15,0.0
x14,0.0
x2,0.0
x12,0.0
x11,0.0
x9,0.0
x7,0.0
x6,0.0
x5,0.0
x3,0.0
x13,0.0
x22,0.07836715413702677
x8,0.788163373551815
