target,prediction
0,0.0
1,0.9393939393939394
0,0.9393939393939394
1,0.7777777777777778
1,0.0
1,0.5909090909090909
0,1.0
0,0.5909090909090909
0,0.0
1,0.9393939393939394
0,0.0
0,0.0
1,0.9393939393939394
1,0.0
1,0.9393939393939394
1,0.9393939393939394
0,0.7777777777777778
1,0.9393939393939394
1,0.9393939393939394
1,0.7777777777777778
1,0.9393939393939394
1,0.7777777777777778
1,0.9393939393939394
0,0.7777777777777778
0,0.5909090909090909
0,1.0
1,0.7777777777777778
0,0.0
1,0.0
1,0.0
