feature,mean_importance
x3,-0.0007704211580572995
x13,-2.8322777054512472e-05
x8,-1.6045466231284777e-05
x5,-9.703976467068109e-06
x2,-8.499612547119284e-09
x1,2.6094459926184753e-12
x14,3.8562375515027725e-11
x17,1.7226284843019358e-10
x11,3.8126388712811374e-10
x12,5.079572540367394e-10
x4,1.5105530629666575e-06
x9,2.0229326860454754e-05
x7,7.035219740225696e-05
x15,9.726573664468053e-05
x18,0.00011941020368884114
x6,0.00016642424655124443
x10,0.0005177457148631381
x20,0.0005259020894897715
x16,0.0025797841562876568
x19,0.35392551091005037
