feature,weight
intercept,0.4771640742394938
x1,0.0009267469581632751
x2,0.15798598070143777
x3,-0.21156116414395704
x4,0.0570370150581912
x5,0.024792461622999664
x6,-0.11163704171033803
x7,0.104251599623912
x8,0.0022335519774710033
x9,0.08465806713515274
x10,0.4599685748111551
x11,0.016656658764091423
x12,-0.03515146627658953
x13,-0.14978667955585587
x14,0.05719388290916859
x15,0.05538792540795128
x16,0.07066415224349941
x17,0.027457070644641722
x18,0.1708341625747495
x19,-1.3111319441858396
x20,0.43963023620843933
