feature,shap_importance
x19,0.553725889982689
x10,0.011743463680675135
x20,0.0075949781800902704
x16,0.006557817975247086
x3,0.006378478982234352
x13,0.0019187657366872336
x6,0.0011653730909825179
x18,0.0009882532191594086
x2,0.0007439854909876136
x15,0.0004909540116002626
x7,0.0004741859674367771
x9,0.0002226634250280537
x4,9.704950717955169e-05
x14,7.702244209513044e-05
x5,3.373988856449661e-05
x12,2.2871333646757695e-05
x17,2.188436788716137e-05
x8,1.9319487110352274e-05
x11,8.422799419647848e-06
x1,2.5231131562521894e-08
