target,prediction
0,0.5899862496761958
1,0.6173414801351707
0,0.6168741313725475
1,0.5983167183284204
1,0.6612961859860216
1,0.6172824106116456
0,0.4120108961638788
0,0.6162644998170917
0,0.6189633591776929
1,0.6186123844561073
0,0.5396533482405003
0,0.5788357439048502
1,0.6186272132446204
1,0.5071330999717356
1,0.6173255724685028
1,0.6176445420899019
0,0.616148864585158
1,0.6171514744249448
1,0.6162379605192302
1,0.6265010005091569
1,0.6162248811618283
1,0.6176522809796735
1,0.6171821913857546
0,0.6175009170752246
0,0.6161866803095587
0,3.7172941341437128e-06
1,0.61753056538404
0,0.6168160454659053
1,0.6180293079293167
1,0.6173813565921737
