feature,mean_importance
x13,-0.00031781368744046026
x6,-0.00025104475431461106
x3,-5.229736142908781e-05
x15,-2.7001340410914844e-05
x18,-4.587528532873364e-06
x16,-3.3088369599809654e-09
x12,-3.178995133801266e-09
x1,1.2006218241822352e-11
x11,1.2712586539009863e-11
x14,9.291349911677571e-10
x17,1.087666599897119e-07
x8,1.091806461550604e-06
x5,1.7571080817013751e-06
x9,2.6286940164599315e-05
x4,4.1008984834478567e-05
x7,5.5019336776340745e-05
x2,0.0002965224090452967
x10,0.0005658484416116716
x20,0.001813176048672327
x19,0.38727396400117237
