feature,shap_importance
x19,0.6019816798052159
x10,0.013324911889424463
x20,0.00871875223167338
x13,0.0022479666185369483
x6,0.0020000453045302185
x3,0.0011343082693940382
x2,0.0008223190619138044
x7,0.0004907771193577359
x15,0.0004859754978834268
x4,0.00010574145399749474
x9,8.913214654049897e-05
x18,4.184909954759099e-05
x12,2.0765799713824593e-05
x5,1.4756755545274125e-05
x8,1.4897055596619785e-06
x17,1.8381971775370955e-07
x1,2.724073341466725e-08
x16,5.181913035563029e-09
x14,2.1422583236108063e-09
x11,2.7735912133322074e-11
