feature,weight
intercept,0.3140267043136342
x1,0.0009127820669378145
x2,0.10488770823244822
x3,0.0703490765173006
x4,0.03512147269589115
x5,0.005644405324735657
x6,-0.14124303785432468
x7,0.10887115841829417
x8,-0.0001625791774638675
x9,0.021023531949203974
x10,0.5182650408428238
x11,5.117345738169231e-06
x12,-0.029253959171255783
x13,-0.15309692827762303
x14,4.949059628483871e-07
x15,0.07208831715474452
x16,-4.979553725973349e-08
x17,7.189807191751947e-05
x18,0.03431667079459145
x19,-1.326552365326335
x20,0.3568960385843651
