target,prediction
0,0.5497059855290242
1,0.6004348032200163
1,0.5790393769095563
0,0.5775148510145723
1,0.5776580034676783
1,0.5781394495179869
1,0.5783267480269942
0,0.3709568933722918
1,0.5755934207588461
1,0.5852040299937656
0,0.5787272298446733
1,0.587324317484835
0,0.5794570251889393
0,0.4980298450837261
0,0.5381578388817128
1,0.4650611011438176
0,0.5766555855572243
1,0.5783055218511116
1,0.5715685721634842
1,0.47975414708120284
1,0.5781420067848471
0,0.5782151165487632
0,0.5767720880319158
0,2.7106862751496343e-06
1,0.5754139932865577
0,0.5774471731505657
1,0.5790133965835199
1,0.5772190545635777
