feature,mean_importance
x25,-0.00204040074719386
x17,-0.001132079017166998
x12,-0.0007308500362512849
x9,-0.0006463641213126092
x24,-0.0006176261556203211
x1,-0.0005250712756795728
x10,-0.0003632611613929748
x15,-0.00024129140858502595
x13,-0.00010511079011949476
x6,-5.1455649000897716e-05
x11,-3.778872925544463e-05
x3,-1.2433066343120468e-05
x16,-6.296193026944508e-06
x7,6.661338147750939e-17
x21,4.503516601084279e-07
x5,2.5701208113321217e-05
x18,3.286566255472634e-05
x20,0.00011007674655832966
x23,0.0001826111969505828
x19,0.0007304016245374301
x2,0.0023653901010212476
x4,0.0030303959610776476
x14,0.008115699923368308
x22,0.029532367516750858
x8,0.04844816161648746
