prediction,target
0.7527817882472138,1
0.6671559823155567,1
0.7799643279297535,1
0.6671559823155567,1
0.6209258235853979,1
0.4455423488302478,0
0.8705893279297535,1
0.3374074281953271,0
0.6209258235853979,1
0.8086845660249916,1
0.33752918144208033,0
0.7527817882472138,1
0.5668809101654846,1
0.5867988394584139,0
0.7290607442203186,1
0.5870709325396826,0
0.8146865501519757,0
0.730918608578183,0
0.33752918144208033,1
0.7194106720702464,1
0.4728466417595407,1
0.6384357442203187,0
0.530300823585398,1
0.3374074281953271,0
