feature,mean_importance
x11,-0.0025601624081029784
x21,-0.001339572378164172
x19,-0.0011138727413239624
x5,-0.00017485481134112967
x9,-8.29727886877074e-05
x7,1.1697854323472478e-05
x23,0.00036775461263400253
x20,0.0005634383032850021
x24,0.0007388197640142369
x22,0.0011298847444414673
x10,0.0017630727968286797
x15,0.0019397833284305276
x1,0.0019436933420233116
x18,0.0029794435604600157
x6,0.00532986418683809
x8,0.005872884079864804
x12,0.00629442626185322
x4,0.006578927048149325
x13,0.009467885824721712
x3,0.013214458741434603
x14,0.015574862235400305
x16,0.017569814940415866
x25,0.01785136226580016
x17,0.022963448287367842
x2,0.02635813171905988
