feature,shap_importance
x2,0.4321898298662413
x16,0.30606167154251046
x17,0.2940853553295916
x25,0.216825219269353
x14,0.21677758867032723
x1,0.1973204174511232
x21,0.19173833223530926
x3,0.17785655625456812
x18,0.16911203525131624
x12,0.13701536701925154
x13,0.1279569434322245
x6,0.09579020662536661
x11,0.09531097719095885
x8,0.09381349160154327
x19,0.08710317908783277
x4,0.08636314352699051
x20,0.07978967523419282
x10,0.07358948039829853
x24,0.06819178435754283
x9,0.0658412721245731
x15,0.042207777171923866
x23,0.032834859725842144
x5,0.025365617160125583
x22,0.023149707102873902
x7,0.007490610308836623
