feature,weight
intercept,3.197540830493982
x1,0.6256209336354528
x2,-1.2931867821799534
x3,-0.43275823638034816
x4,0.4127327440425809
x5,0.059507965829538934
x6,0.21845268992807593
x7,0.034962295762328455
x8,-0.3054282571846643
x9,-0.19468137581750825
x10,-0.22914621993628462
x11,-0.35379742008124215
x12,0.6393937351308144
x13,-0.41081758730184287
x14,0.6073798695233785
x15,-0.19749914399933052
x16,-0.7272216947336181
x17,0.8974333459144442
x18,0.6814085951166545
x19,0.3424716926903833
x20,0.21410026606950996
x21,-0.7506914553042037
x22,0.059362163180824025
x23,0.09545933599681419
x24,0.23827578801956328
x25,-0.6661143859789485
