feature,mean_importance
x7,-1.219503084958189
x14,-0.6128383406919532
x1,0.0
x21,0.0
x20,0.0
x19,0.0
x18,0.0
x17,0.0
x16,0.0
x15,0.0
x24,0.0
x13,0.0
x11,0.0
x10,0.0
x9,0.0
x6,0.0
x5,0.0
x4,0.0
x3,0.0
x2,0.0
x12,0.0
x25,0.0
x23,0.04330722858323828
x8,0.05848149813292931
x22,0.8547926717770811
