target,prediction
1,0.7333333333333333
0,0.0
1,0.9487179487179487
1,0.0
0,0.9487179487179487
1,0.7333333333333333
0,0.0
1,0.9487179487179487
0,0.0
1,0.4444444444444444
0,0.0
1,0.9487179487179487
1,0.9487179487179487
1,0.0
0,0.0
0,0.0
1,0.9487179487179487
1,0.125
1,0.0
0,0.9487179487179487
1,0.9487179487179487
1,0.9487179487179487
1,0.0
0,0.9487179487179487
0,0.7333333333333333
0,0.125
1,0.9487179487179487
0,0.4444444444444444
1,0.9487179487179487
1,0.9487179487179487
