feature,weight
intercept,0.2838652939517042
x1,1.1004101234253214
x2,0.1271458551037641
x3,0.08591039821519253
x4,0.4485962178236783
x5,0.08907216446198318
x6,0.2893665710552904
x7,-0.16118521762116408
x8,-0.7966723192689323
x9,-0.51040645324351
x10,-0.10189774883267218
x11,0.8869379986876893
x12,0.673735999199626
x13,-0.18801583910241007
x14,0.5784843404418649
x15,0.2397215516921107
x16,-0.39957173454940187
x17,0.10297043165745388
x18,0.563907141754779
x19,-0.11604846241055644
x20,-0.12694340633682955
x21,-0.6912239580384799
x22,0.6116945034202111
x23,0.0797064185330844
x24,0.08122979433338312
x25,-0.9243014161631341
