feature,mean_importance
x9,-0.031291224277960404
x16,-0.013203765212535057
x3,-0.007017398049194279
x5,-0.00039557552224456227
x10,-0.0003116123256463599
x19,-8.82573451751023e-05
x24,0.005475603999446488
x12,0.0068615946193584685
x23,0.013057014556816604
x2,0.014055983802964977
x7,0.01973701494383089
x17,0.025153481516482067
x20,0.03496405383672132
x13,0.03727657990903024
x15,0.04089572587112582
x6,0.04119643016894414
x14,0.04126633933752368
x8,0.04949295870919248
x22,0.055537730273281904
x11,0.1023000743670351
x18,0.12554932752637543
x1,0.13052706160732053
x21,0.15021043312839277
x4,0.17206058393025075
x25,0.1842215870671265
