feature,shap_importance
x1,0.8559844574068485
x25,0.7388446693119876
x11,0.6163544001133251
x8,0.5879042136271815
x14,0.44108641727611636
x22,0.42542628789526943
x21,0.40435814411691184
x18,0.331207336346877
x4,0.31181991596799896
x12,0.27806317771270567
x9,0.27147168389836795
x16,0.2421582095176097
x6,0.19329678984188797
x13,0.16678349930692998
x15,0.14276780153106963
x7,0.11185505141979096
x20,0.09560042722785903
x17,0.07521480524193543
x2,0.07371579963901215
x19,0.054582876294269084
x10,0.05088779638670104
x3,0.04507870861506316
x23,0.037979407863462815
x5,0.03461886538488946
x24,0.031402080712253165
