target,prediction
0,0.3160929715792232
1,0.631240664360229
0,0.6296000363475509
1,0.9995621950475091
1,0.005303032414958017
1,0.6471271784983608
0,0.00047824457800626623
0,0.6090680752438807
0,0.5635618094411983
1,0.6371972142322848
0,0.08364262609387756
0,0.4273206788264017
1,0.6559880681753405
1,0.06346198930006193
1,0.6281735455997793
1,0.6057742909832664
0,0.6374013180209166
1,0.6008983804880758
1,0.6223040514197539
1,0.684129593985097
1,0.586411549398199
1,0.5834293323431665
1,0.6338433971276823
0,0.5979712173211078
0,0.592370374741633
0,1.7919225030835758e-09
1,0.5929824526477185
0,0.6480084620793582
1,0.6192255873305837
1,0.5976335541620204
