feature,mean_importance
x4,-0.0032404946228101693
x7,-0.003094845294476012
x1,-0.002858344265531837
x25,-0.0021778057339617352
x11,-0.0009337947431780847
x10,-0.000582938956921919
x5,-1.6653345369377347e-17
x2,0.0
x24,1.6653345369377347e-17
x12,6.902066200779045e-05
x3,0.0001425437552940334
x20,0.0001552826682053976
x23,0.0004261477179949624
x15,0.0007900622794502932
x13,0.001180875352747368
x19,0.0012418562594715022
x9,0.0012996329360690784
x6,0.001460414785637265
x17,0.0017075315401795022
x18,0.0039765118982125645
x21,0.008735130767816818
x16,0.008802609182573567
x14,0.009194321409678819
x22,0.018529997071238
x8,0.026952639145189795
