prediction,target
0.6128895875491205,1
0.24748459956654972,0
0.7584705141727689,1
0.5396184715181638,1
0.7162617566090135,0
0.7022883658683636,1
0.137551837149751,0
0.6087362575472273,1
0.5916892370093649,0
0.662035705090491,1
0.6351070013451956,0
0.6299293451364161,1
0.7117620068888735,1
0.43348068871064965,1
0.19323062868079116,0
0.3569703766402009,0
0.6962085393020225,1
0.6571171189329732,1
0.48074776426565846,1
0.5843554572907943,0
0.6009398329861578,1
0.6917294567248148,1
0.11253794497574737,1
0.5732621494960389,0
0.5623319933146007,0
0.13288576971007948,0
0.7025994041138146,1
0.68243295939397,0
0.5938269155099029,1
0.7375674377518149,1
