feature,mean_importance
x22,-0.705028507599156
x2,-0.6474502295003945
x1,0.0
x23,0.0
x21,0.0
x20,0.0
x19,0.0
x18,0.0
x17,0.0
x16,0.0
x15,0.0
x14,0.0
x13,0.0
x12,0.0
x11,0.0
x10,0.0
x7,0.0
x6,0.0
x4,0.0
x3,0.0
x24,0.0
x25,0.29985857306083935
x8,0.8229202561719934
x5,0.8759656079820498
x9,1.4643595018596656
