target,prediction
1,0.9428571428571428
1,0.9428571428571428
1,0.9428571428571428
1,0.8333333333333334
1,0.8333333333333334
0,0.9428571428571428
1,0.9428571428571428
0,0.9428571428571428
1,0.9428571428571428
1,0.9428571428571428
0,0.058823529411764705
1,0.0
1,0.9428571428571428
0,0.8333333333333334
1,0.9428571428571428
0,0.058823529411764705
0,0.9428571428571428
0,0.9428571428571428
1,0.9428571428571428
1,0.9428571428571428
1,0.058823529411764705
0,0.9428571428571428
1,0.9428571428571428
0,0.9428571428571428
