feature,mean_importance
x14,-0.00904947417978017
x3,-0.004952922874995424
x1,0.0
x23,0.0
x22,0.0
x21,0.0
x20,0.0
x19,0.0
x18,0.0
x17,0.0
x16,0.0
x15,0.0
x13,0.0
x12,0.0
x11,0.0
x10,0.0
x9,0.0
x7,0.0
x6,0.0
x5,0.0
x4,0.0
x2,0.0
x24,0.0
x25,0.0
x8,0.02896051640494949
