,D,train_err,test_err,train_step
0,30,"[292.5230609895364, 238.41092488455723, 165.7544692300896, 126.55041583565843]","[298.4848422208785, 264.40540478125587, 260.74656735843587, 429.67415145671646]","[1, 2, 3, 4]"
