,D,train_err,test_err,train_step
0,25,"[292.52252319327374, 238.84284867389528, 166.53732835036476, 127.07678217643367, 103.05913135021686, 87.1704138319554, 75.93754774892913, 67.62086809259915, 61.24912273853194, 56.2354860336374, 52.20622812685755, 48.91038933536528, 46.1748697681537, 43.876696569501796, 41.92528051631102, 40.2529920281144, 38.80715016845622, 37.43986809976711, 36.190210239351075, 35.07797556871244, 34.08388952529947, 33.19164627958556, 32.38787116241059, 31.661203609084122]","[298.4848422208785, 264.86652051525766, 260.26563248461525, 408.00932855998093, 513.5768520300717, 568.5306777836968, 605.3045590062687, 643.4726096890947, 673.289179402284, 696.165351907724, 706.1621794881622, 722.1175342352394, 735.0379737730578, 746.8671066687704, 751.5226397250937, 759.2788441765069, 764.4156492067061, 771.7312012699404, 776.691470841606, 779.7651778660144, 783.583018405222, 786.123973269282, 786.3677989914008, 783.692584524386]","[1, 2, 3, 4, 5, 6, 7, 8, 9, 10, 11, 12, 13, 14, 15, 16, 17, 18, 19, 20, 21, 22, 23, 24]"
