feature,mean_importance
x6,-1.8824750150124097
x15,-0.25745466706512143
x1,0.0
x18,0.0
x17,0.0
x16,0.0
x14,0.0
x13,0.0
x12,0.0
x11,0.0
x10,0.0
x8,0.0
x7,0.0
x4,0.0
x3,0.0
x2,0.0
x5,3.552713678800501e-16
x20,0.10279135253365261
x9,0.5149093341302453
x19,0.8137101477149103
