target,prediction
0,0.0
1,0.6428571428571429
1,0.6428571428571429
0,0.9696969696969697
1,0.9696969696969697
1,0.9696969696969697
1,0.6428571428571429
0,1.0
1,0.0
1,0.6428571428571429
0,0.6428571428571429
1,1.0
0,0.6428571428571429
0,0.0
0,0.0
1,0.0
0,0.0
1,0.9696969696969697
1,1.0
1,1.0
1,0.9696969696969697
0,0.9696969696969697
0,0.0
0,0.0
1,0.0
0,1.0
1,0.9696969696969697
1,0.0
