feature,mean_importance
x8,-0.0468388623806969
x3,-0.009961046685556262
x5,-0.003793729390237277
x14,-1.633293063019181e-08
x11,-1.314254860496078e-09
x1,6.594566892559328e-10
x17,3.431755726257535e-08
x12,3.273032851414115e-07
x2,6.471261805440775e-06
x4,0.00031973596916090585
x9,0.0013072573748643679
x13,0.0018459066496870013
x10,0.0039655413327816195
x18,0.004486489656218384
x20,0.004961861524531308
x7,0.0051371667332780644
x6,0.01089355604224027
x15,0.011135891188876656
x16,0.14623576555895396
x19,0.7274577288969528
