target,prediction
0,0.3563042440611111
1,0.5342390648228412
0,0.4804393054882513
1,0.21166470502002557
1,0.9999777372489538
1,0.5464111545540193
0,0.10800158826142568
0,0.47153041606239904
0,0.5491018817778548
1,0.5994713959893554
0,0.25564852436715146
0,0.3303557263737614
1,0.6007181194828504
1,0.20319893778947315
1,0.5400316411992843
1,0.5429991543193821
0,0.45280649680513085
1,0.525600033508348
1,0.5576572302284278
1,0.7936674079603993
1,0.48178592911618395
1,0.5693592753257802
1,0.5311839798350749
0,0.8768354462633041
0,0.5173016450843678
0,5.2574539979078796e-12
1,0.5552305062405857
0,0.46942114296827164
1,0.5458632450333865
1,0.5300552362830145
