feature,mean_importance
x5,-1.6075884680947734
x3,-0.7208730677823418
x15,-0.24029102259411275
x1,0.0
x18,0.0
x17,0.0
x16,0.0
x14,0.0
x13,0.0
x12,0.0
x10,0.0
x8,0.0
x7,0.0
x4,0.0
x2,0.0
x11,0.0
x20,0.0
x6,0.03960767631636557
x9,0.4805820451882298
x19,2.2579316004288676
