target,prediction
0,0.0
1,1.0
0,1.0
1,0.7272727272727273
1,1.0
1,0.7272727272727273
0,1.0
0,0.7272727272727273
0,1.0
1,1.0
0,0.0
0,0.0
1,1.0
1,0.0
1,0.7272727272727273
1,0.7272727272727273
0,0.16666666666666666
1,0.7272727272727273
1,0.7272727272727273
1,0.0
1,0.0
1,0.7272727272727273
1,0.7272727272727273
0,1.0
0,0.0
0,0.0
1,1.0
0,1.0
1,0.0
1,1.0
