feature,mean_importance
x5,-0.009444731247581207
x1,0.0
x15,0.0
x14,0.0
x24,0.0
x12,0.0
x11,0.0
x10,0.0
x17,0.0
x19,0.0
x7,0.0
x6,0.0
x21,0.0
x23,0.0
x2,0.0
x16,0.0
x18,2.2204460492503132e-17
x13,2.2204460492503132e-17
x3,2.2204460492503132e-17
x25,2.2204460492503132e-17
x8,0.007885665181945
x20,0.017810993123739193
x9,0.025631387577367624
x4,0.03301466845119301
x22,0.12969991436978545
