feature,mean_importance
x2,-0.010253036197600296
x13,-0.005847616898932451
x11,-0.00014065996850904928
x9,-0.00012194404407852577
x18,-2.560638409938587e-05
x16,0.0
x12,0.0
x1,2.2204460492503132e-17
x17,4.4408920985006264e-17
x14,4.4408920985006264e-17
x4,0.0004036080557821897
x10,0.0006553042075564619
x3,0.0009383812083362475
x8,0.002686862209321639
x20,0.005969908944064728
x5,0.007253000397856835
x7,0.008081780245582237
x15,0.009536646448296816
x6,0.04949907839800738
x19,0.22051405425171464
