target,prediction
0,0.1107366413700838
1,0.5471182242210463
1,0.7692686237692654
0,0.8028570369804324
1,0.8113387707084281
1,0.7644725900092448
1,0.8068927616097868
0,0.12192310404544275
1,0.43400564974906786
1,0.8121143405844468
0,0.5852873401957536
1,0.39083604963231033
0,0.7392071411611382
0,0.17761491542723987
0,0.10711760555143825
1,0.1171328823002694
0,0.4689125363528713
1,0.8175232352495913
1,0.47347583598578585
1,0.15106527348279908
1,0.8889740373415526
0,0.6245033901257293
0,0.26920587099565857
0,0.11379793527697513
1,0.1865915380991151
0,0.5760272150566939
1,0.8650637022311403
1,0.5355149481757948
