feature,shap_importance
x19,0.7328096
x5,0.21089302
x6,0.1929127
x14,0.13804291
x15,0.08718463
x20,0.06287303
x3,0.016960787
x9,0.016405188
x16,0.012563182
x18,0.010694372
x12,0.009374924
x13,0.008292746
x1,0.008063169
x7,0.00678973
x10,0.005603942
x17,0.0024182512
x2,0.0
x8,0.0
x4,0.0
x11,0.0
