feature,mean_importance
x5,-0.006036596542459893
x18,-0.0035639870312100365
x13,-0.002480621295784502
x16,-0.001990548369016487
x10,-0.0013146914387110798
x1,-0.0012944300373780137
x7,-0.0008260467526192361
x17,-0.0005020288540627637
x3,-0.0004719241591403245
x8,0.0
x11,0.0
x4,0.0
x2,0.0
x9,0.00013955285459261725
x15,0.00021526579997332984
x12,0.001508437500729798
x6,0.006448114240498448
x20,0.008259244494862705
x14,0.05272674291827164
x19,0.1695110880820999
