target,prediction
0,0.23109195
1,0.7102297
1,0.81838787
0,0.80932575
1,0.8186793
1,0.79607874
1,0.7975048
0,0.32525408
1,0.38983294
1,0.7290234
0,0.48340604
1,0.7102297
0,0.7740371
0,0.32525408
0,0.42630577
1,0.40947723
0,0.6827945
1,0.7753443
1,0.6385058
1,0.5265499
1,0.8276684
0,0.6683435
0,0.23109195
0,0.2436137
1,0.5525591
0,0.6827945
1,0.8077044
1,0.4540539
