feature,shap_importance
x5,0.4577093865070866
x22,0.3744099121801813
x10,0.33944768705344175
x14,0.31941609049917824
x9,0.19642931517523265
x12,0.1552374242483679
x16,0.1491180525107749
x18,0.14127812835581952
x13,0.13785061850149535
x20,0.12882369181235329
x6,0.12206120094801552
x23,0.11498540795465642
x25,0.10536327406442618
x8,0.10370372456431365
x24,0.09789141992864314
x1,0.09129709104209269
x3,0.07646194761210831
x15,0.05311400299294171
x17,0.03870369153591135
x21,0.03699462396830031
x4,0.02600627126403507
x11,0.019712735928431223
x19,0.012616365946588123
x7,0.005949835238566283
x2,0.004838455178083607
