feature,weight
intercept,0.23938326642949367
x1,0.17216748207159704
x2,-0.010380931486423927
x3,0.14926453977947385
x4,0.07681984616089045
x5,0.4420502054123667
x6,-0.22419246903182077
x7,-0.016129296968022275
x8,-0.18327139119255273
x9,-0.22382223969551368
x10,0.4777928021165639
x11,0.06538457934334255
x12,0.5491068851683036
x13,-0.24851322049225386
x14,0.5059416341543737
x15,0.12820173881624553
x16,-0.19627535736852478
x17,0.13949699441558808
x18,0.39101499463020234
x19,-0.02639288478192941
x20,0.3518713492811819
x21,-0.08693674677626656
x22,0.7523083683750307
x23,0.2631267741895943
x24,-0.2615174994379967
x25,-0.44413551474273305
