feature,mean_importance
x5,-0.19796186576803554
x10,-0.11735716082037868
x14,-0.06855475520782836
x20,-0.05746000346542144
x6,-0.047281030125768585
x12,-0.030867000078628727
x13,-0.022185562885459788
x1,-0.016965260323293797
x22,-0.01096145565859592
x2,-0.001265865367666441
x9,-0.00039637928665685606
x7,0.0003546781779004693
x11,0.001746330686902775
x8,0.0051226384897586465
x19,0.006742109116594053
x4,0.007775501710975607
x3,0.012166485005699768
x21,0.01838105729303874
x15,0.01973473498757756
x25,0.024111243658245886
x17,0.025751460059556176
x24,0.030220018804058536
x16,0.051986338335369184
x18,0.05786546446002512
x23,0.0710055909954066
