target,prediction
1,0.6390381185258426
1,0.614738810616997
1,0.6197428101896324
1,0.6764805121677706
1,0.6301151668270827
1,0.8211668264171929
0,0.6328112578036681
1,0.4892102399513431
0,0.0008945633650021657
1,0.6448388374552269
0,0.46755759836538957
0,0.5957290125082696
1,0.6422146303813426
1,0.6610699246106855
0,0.611687727213256
0,0.6494752685777379
0,0.9615332152118069
0,0.6052149164235129
1,0.0003974249581001483
0,0.9548009402187357
1,0.6978855308292609
1,0.5973791704963883
1,0.5852016972028862
