feature,mean_importance
x14,-0.030874716452572892
x5,-0.013252300049632603
x7,-0.008339886244942552
x13,-0.004729992215703849
x20,-0.002721085905702747
x15,-0.001696687561932375
x21,-0.0015911812170815499
x4,-1.3322676295501878e-16
x2,0.0
x6,0.0
x17,0.0
x19,1.8743387905151288e-05
x23,8.2376658754435e-05
x25,0.0006113419282639309
x1,0.0008968127628179223
x24,0.0009025685581337984
x10,0.0016436648435401047
x18,0.002929022780165225
x9,0.003856631756121209
x12,0.004860943385119598
x16,0.005488128389864943
x3,0.005670424971992727
x11,0.0076758200177798
x8,0.022282398056517792
x22,0.06433625527718949
