target,prediction
1,0.580174035972095
0,0.20548820406258336
1,0.8451223238972323
1,0.4550879666293867
0,0.7719240288035031
1,0.7483611157504856
0,0.21552164887863687
1,0.5463169011802551
0,0.5905455438988793
1,0.6384336012293511
0,0.6384434346413694
1,0.5706282263878918
1,0.7505641309991737
1,0.3662383031035461
0,0.21552164887863687
0,0.2304070902346665
1,0.727149739497077
1,0.7005426535683497
1,0.31680029503738144
0,0.5414010622815474
1,0.569298563480803
1,0.5011211199286641
1,0.22437390773089572
0,0.5882648036174847
0,0.5326679179411827
0,0.2657699042352514
1,0.725163713697376
0,0.6832419864281477
1,0.5172766018736198
1,0.8019170876015276
