feature,shap_importance
x19,0.5271403421173109
x5,0.17696547896302217
x14,0.08411043553596245
x6,0.06611123685566171
x20,0.05842460396503217
x15,0.031471200869414864
x10,0.020015633501180498
x16,0.011235536773532612
x17,0.00913607614018393
x11,0.008060173914838152
x2,0.00692342459593915
x13,0.0045675912850233
x9,0.004086330086987073
x1,0.0032561273265943043
x7,0.0002475164366564711
x18,0.0002184554655019849
x12,0.0
x8,0.0
x4,0.0
x3,0.0
