feature,mean_importance
x15,-0.001720783174012297
x11,-0.0014047258366774785
x2,-0.0011408499492564727
x16,-0.0005712890081000177
x9,-0.0004822381990422286
x13,-0.00035728794739455785
x7,-1.964320154301813e-05
x3,0.0
x4,0.0
x8,0.0
x12,0.0
x18,1.908404706127964e-05
x17,0.00011553906682664206
x1,0.00013562088783063418
x10,0.00029394451236004483
x20,0.011566834537132364
x6,0.017183683126975935
x5,0.020881907426158763
x14,0.031062203523402276
x19,0.06352847605043417
