target,prediction
0,0.4731604447830989
1,0.4731604447830989
1,0.7352130489528242
0,0.6800073169879735
1,0.7444647996494616
1,0.6418480950253778
1,0.7275257735658296
0,0.36523747236236287
1,0.5678256189688636
1,0.6868217923186083
0,0.4590309602783944
1,0.4731604447830989
0,0.6877613988442541
0,0.36523747236236287
0,0.4731604447830989
1,0.43134669015286153
0,0.6827902326040377
1,0.7226378189663988
1,0.6580275764405352
1,0.4731604447830989
1,0.7343932624850081
0,0.7178447033970018
0,0.32704064171299957
0,0.32704064171299957
1,0.4731604447830989
0,0.6800073169879735
1,0.7433786331385749
1,0.6096878210451441
