feature,shap_importance
x19,0.6934571572853886
x5,0.4308447807952397
x20,0.13837320954629193
x14,0.10648395262590434
x6,0.04168575849730397
x10,0.03647947380572601
x15,0.036234678339398495
x12,0.017591273919293646
x4,0.01672841086479159
x8,0.011500489023450482
x16,0.008024749579157695
x3,0.006569340332856089
x7,0.0039975924605247905
x18,0.0002296382469705079
x11,0.0001510076497852642
x13,0.0
x17,0.0
x2,0.0
x9,0.0
x1,0.0
