feature,mean_importance
x4,-0.003966464285535931
x15,-0.0029911207374895945
x5,-0.0020983875234561467
x3,-0.0005109467087422326
x16,-0.00025086135756495763
x18,-5.664228637500823e-05
x11,-2.0152990749910948e-05
x1,0.0
x2,0.0
x17,0.0
x9,0.0
x13,0.0
x10,0.0001493382741035054
x8,0.00026428984906567976
x7,0.0002699901020003281
x12,0.004915178576184931
x6,0.013954829289501291
x14,0.02291983931010242
x20,0.026108813237180773
x19,0.18318420980027697
