target,prediction
0,0.2914373143915336
1,0.8338366882332466
0,0.7917119355013331
1,0.7270979546296478
1,0.8272006983221598
1,0.6972205098693628
0,0.2914373143915336
0,0.3691010574251321
0,0.8065114287683125
1,0.771364364180796
0,0.3399587691672547
0,0.5014506677187235
1,0.8333219951808377
1,0.407596358280762
1,0.7534874574465421
1,0.45650251551565846
0,0.7523381605954236
1,0.7378429038619122
1,0.6319209367619665
1,0.8278667401948265
1,0.8452201556445392
1,0.7507845493361138
1,0.7071723019129281
0,0.7953386866234107
0,0.25572963758191886
0,0.24987613811703113
1,0.8401034182921454
0,0.8198067174864957
1,0.8297030734791132
1,0.8491931793283481
