prediction,target
0.2943362378908887,0
0.8735022671689278,1
0.6681807714101305,1
0.40429316603370535,0
0.44875135420687595,1
0.5810625233207357,1
0.8222647576422262,1
0.34014816750806975,0
0.40371581005589247,1
0.6132564454246676,1
0.47155244767099924,0
0.6912440399473019,1
0.5610928198391694,0
0.31063867708099313,0
0.33180850988316585,0
0.3273838283334409,1
0.35628300428964116,0
0.8622768161484327,1
0.651273350485783,1
0.4175029105482624,1
0.8163758058798022,1
0.4462483757902608,0
0.43482464018250705,0
0.18651826893070206,0
0.79081022078497,1
0.3681421496985015,0
0.5823993387862604,1
0.3252977043337816,1
