feature,mean_importance
x5,-0.013907638418330459
x18,-0.002447128910869556
x10,-0.00222611685046632
x15,-1.0090232820703094e-05
x2,-1.1102230246251565e-16
x17,-1.1102230246251565e-16
x9,-1.1102230246251565e-16
x14,-1.1102230246251565e-16
x13,-1.1102230246251565e-16
x4,-8.881784197001253e-17
x16,-8.881784197001253e-17
x11,-8.881784197001253e-17
x1,-6.661338147750939e-17
x12,-4.4408920985006264e-17
x3,3.53544408285833e-06
x7,0.0009478946508134634
x8,0.0027393013534778633
x20,0.009991784214314948
x6,0.08224762090841362
x19,0.22011070816811512
