target,prediction
0,0.17645959823245158
1,0.8962696043770212
0,0.8758029829458402
1,0.5500003506782375
1,0.8297401944823584
1,0.6321611045658847
0,0.20963760061620076
0,0.3258230790560165
0,0.7959548117933211
1,0.787460831270355
0,0.2899761418493912
0,0.17645959823245158
1,0.9625342483727577
1,0.17645959823245158
1,0.6060657138864579
1,0.7713143156084966
0,0.5906028887461746
1,0.7658295356792654
1,0.7533637920557322
1,0.6821017987684654
1,0.6444422905207219
1,0.7515438213935509
1,0.6243688967736769
0,0.7716971083637751
0,0.4314026912427715
0,0.19923602062936735
1,0.9625342483727577
0,0.7248283069711642
1,0.7364264530931197
1,0.895146217031238
