target,prediction
1,0.7527817882472138
1,0.6671559823155567
1,0.7799643279297535
1,0.6671559823155567
1,0.6209258235853979
0,0.4455423488302478
1,0.8705893279297535
0,0.3374074281953271
1,0.6209258235853979
1,0.8086845660249916
0,0.33752918144208033
1,0.7527817882472138
1,0.5668809101654846
0,0.5867988394584139
1,0.7290607442203186
0,0.5870709325396826
0,0.8146865501519757
0,0.730918608578183
1,0.33752918144208033
1,0.7194106720702464
1,0.4728466417595407
0,0.6384357442203187
1,0.530300823585398
0,0.3374074281953271
