feature,weight
intercept,3.329311562024645
x1,0.9093115213434023
x2,-0.8813678376377772
x3,-0.030360997781170712
x4,0.7074165171211788
x5,0.09160842298246748
x6,0.5360116514720199
x7,0.21442547152734406
x8,-0.5980532834836619
x9,-0.29949873726923515
x10,-0.09880933376728226
x11,0.23290821694293987
x12,0.4260262641683942
x13,-0.4011415939427047
x14,0.42741894799864977
x15,-0.12159993558454622
x16,0.1380294117130878
x17,0.32562343945257893
x18,0.7877122792174132
x19,0.23257145182622088
x20,0.12260640781064418
x21,-0.4844218197016383
x22,0.5928493809303051
x23,-0.2609467060362188
x24,-0.1260308104183036
x25,-0.7395384945957607
