feature,shap_importance
x2,0.5471706847074924
x18,0.49489703378067446
x8,0.404944175952862
x1,0.38915853028130876
x25,0.35923358088145024
x6,0.3488380027043928
x22,0.31470560776227996
x14,0.29413471787757994
x4,0.2907023151248122
x12,0.22676328099496076
x21,0.2052210054545509
x9,0.15353932408054632
x13,0.15116680028404608
x17,0.14306674193055763
x19,0.12202494996221366
x11,0.10507552065292493
x23,0.09495655317960264
x16,0.0895339396561518
x7,0.07197473421093122
x10,0.06821330014879735
x15,0.06767707831673057
x24,0.053269318878855304
x20,0.030518477813649202
x5,0.025655319844857173
x3,0.01938013223573181
