feature,mean_importance
x22,-0.028981159107579896
x13,-0.01641208665772398
x16,-0.00887944245067096
x9,-0.002082959569844156
x5,-0.0020192085940051395
x4,0.00030299941762808037
x24,0.0005280722282694717
x20,0.0008300929759286091
x23,0.0008369792056212244
x15,0.002669402144052635
x3,0.002877509515343235
x7,0.005811096592761356
x10,0.006449565716888317
x12,0.008855669333529003
x11,0.015078875865507057
x17,0.0182289791848849
x25,0.024663816702184805
x14,0.02596188393733273
x19,0.030424209260304935
x6,0.037748338383318536
x8,0.04049332799320001
x1,0.04744221657698429
x21,0.05125638683575438
x2,0.09437042133974646
x18,0.17147692752800053
