prediction,target
0.2182874628783067,0
0.8067673376466493,1
0.3183423871002666,0
0.4654195909259295,1
0.805440139664432,1
0.6194441019738726,1
0.2182874628783067,0
0.23382021148502644,0
0.4813022857536625,0
0.4742728728361592,1
0.2279917538334509,0
0.2602901335437447,0
0.9666643990361676,1
0.24151927165615242,1
0.9506974914893085,1
0.8913005031031318,1
0.3104676321190847,0
0.7875685807723825,1
0.6063841873523933,1
0.8055733480389653,1
0.32904403112890784,1
0.9501569098672228,1
0.6214344603825857,1
0.6390677373246821,0
0.6911459275163837,0
0.049975227623406226,0
0.968020683658429,1
0.3239613434972991,0
0.8059406146958226,1
0.8098386358656697,1
