feature,mean_importance
x13,0.0
x19,0.0
x18,0.0
x17,0.0
x16,0.0
x15,0.0
x14,0.0
x24,0.0
x22,0.0
x20,0.0
x11,0.0
x9,0.0
x23,0.0
x7,0.0
x6,0.0
x4,0.0
x3,0.0
x2,0.0
x10,0.0
x21,0.008891386699952064
x5,0.03911849776287517
x25,0.04606149984106558
x12,0.04727518135341833
x1,0.05017393811507202
x8,0.11902632174615353
