target,prediction
0,0.20419254658385094
1,0.6666666666666666
0,0.4244306418219461
1,0.6273809523809524
1,0.20419254658385094
1,0.6666666666666666
0,0.20419254658385094
0,0.8476190476190476
0,0.55
1,0.8476190476190476
0,0.20419254658385094
0,0.20419254658385094
1,0.6666666666666666
1,0.20419254658385094
1,0.6666666666666666
1,0.8476190476190476
0,0.3273809523809524
1,0.8476190476190476
1,0.8476190476190476
1,0.6273809523809524
1,0.9666666666666667
1,0.6273809523809524
1,0.6666666666666666
0,0.3107142857142857
0,0.8476190476190476
0,0.20419254658385094
1,0.6273809523809524
0,0.25
1,0.55
1,0.8476190476190476
